<?xml version="1.0" encoding="UTF-8" ?>
<XMLDB PATH="mod/quiz/accessrule/quizproctoring/db" VERSION="20210612" COMMENT="XMLDB file for Moodle mod/quiz/accessrule/quizproctoring"
    xmlns:xsi="http://www.w3.org/2001/XMLSchema-instance"
    xsi:noNamespaceSchemaLocation="../../../../../lib/xmldb/xmldb.xsd"
>
  <TABLES>
    <TABLE NAME="quizaccess_quizproctoring" COMMENT="Default comment for quizaccess_quizproctoring, please edit me">
      <FIELDS>
        <FIELD NAME="id" TYPE="int" LENGTH="10" NOTNULL="true" SEQUENCE="true"/>
        <FIELD NAME="quizid" TYPE="int" LENGTH="20" NOTNULL="true" DEFAULT="0" SEQUENCE="false"/>
        <FIELD NAME="enableproctoring" TYPE="int" LENGTH="1" NOTNULL="true" DEFAULT="0" SEQUENCE="false" COMMENT="Set whether to enable proctoring or not"/>
        <FIELD NAME="time_interval" TYPE="int" LENGTH="11" NOTNULL="false" SEQUENCE="false"/>
        <FIELD NAME="triggeresamail" TYPE="int" LENGTH="1" NOTNULL="true" DEFAULT="0" SEQUENCE="false"/>
        <FIELD NAME="warning_threshold" TYPE="int" LENGTH="2" NOTNULL="false" SEQUENCE="false"/>
        <FIELD NAME="ci_test_id" TYPE="int" LENGTH="20" NOTNULL="false" SEQUENCE="false"/>
        <FIELD NAME="quiz_sku" TYPE="char" LENGTH="100" NOTNULL="false" SEQUENCE="false"/>
        <FIELD NAME="proctoringvideo_link" TYPE="text" NOTNULL="false" SEQUENCE="false"/>
      </FIELDS>
      <KEYS>
        <KEY NAME="primary" TYPE="primary" FIELDS="id"/>
      </KEYS>
      <INDEXES>
        <INDEX NAME="quizid-enableproctoring" UNIQUE="true" FIELDS="quizid, enableproctoring"/>
      </INDEXES>
    </TABLE>
    <TABLE NAME="quizaccess_proctor_data" COMMENT="This table contains user and quiz information">
      <FIELDS>
        <FIELD NAME="id" TYPE="int" LENGTH="10" NOTNULL="true" SEQUENCE="true"/>
        <FIELD NAME="userid" TYPE="int" LENGTH="20" NOTNULL="true" DEFAULT="0" SEQUENCE="false"/>
        <FIELD NAME="quizid" TYPE="int" LENGTH="20" NOTNULL="true" DEFAULT="0" SEQUENCE="false"/>
        <FIELD NAME="user_identity" TYPE="int" LENGTH="10" NOTNULL="true" DEFAULT="0" SEQUENCE="false"/>
        <FIELD NAME="userimg" TYPE="text" NOTNULL="false" SEQUENCE="false"/>
        <FIELD NAME="image_status" TYPE="char" LENGTH="1" NOTNULL="true" DEFAULT="M" SEQUENCE="false" COMMENT="M='Main image', A='Alternate image'"/>
        <FIELD NAME="timecreated" TYPE="int" LENGTH="20" NOTNULL="true" DEFAULT="0" SEQUENCE="false"/>
        <FIELD NAME="timemodified" TYPE="int" LENGTH="20" NOTNULL="true" DEFAULT="0" SEQUENCE="false"/>
        <FIELD NAME="aws_response" TYPE="text" NOTNULL="false" SEQUENCE="false"/>
        <FIELD NAME="attemptid" TYPE="int" LENGTH="11" NOTNULL="false" SEQUENCE="false"/>
        <FIELD NAME="deleted" TYPE="int" LENGTH="1" NOTNULL="true" DEFAULT="0" SEQUENCE="false"/>
        <FIELD NAME="status" TYPE="char" LENGTH="100" NOTNULL="false" SEQUENCE="false"/>
      </FIELDS>
      <KEYS>
        <KEY NAME="primary" TYPE="primary" FIELDS="id"/>
      </KEYS>
      <INDEXES>
        <INDEX NAME="quizid-attemptid-userid-image_status-status" UNIQUE="false" FIELDS="quizid, attemptid, userid, image_status, status"/>
      </INDEXES>
    </TABLE>
  </TABLES>
</XMLDB>